Provider,Amount,Outcome,Type,Year,Still_Billing
Arbor Homecare,$100M,12yr prison,Phantom visits/forged docs,2025,No
Centrus/Maxim Healthcare,$14.2M,Settlement,95K improper claims,2017,Yes - $123M nationally
CVS Pharmacy,$12.25M,Settlement,Price manipulation,2025,Yes
Brewster/EasCare Ambulance,$6M,Settlement,Upcoded ambulance,2025,Yes
Optimum Labs,$4.7M,Guilty plea,Fake drug tests/kickbacks,2025,No
SaVida Health,$2M,Settlement,Upcoded visits,2024,Yes
OIG Autism Finding,$45.6M,Audit finding,Improper payments,2024,N/A
