Entity,Year,In_House_Total,External_Total,Operating_Expenses,Grand_Total,Key_Firms
BILH,2021,"$90,742","$276,000",-,"$366,742","Dempsey Lucey $168K, Murphy Donoghue $108K"
BILH,2022,"$115,742","$262,000",-,"$377,742","Dempsey $168K, Tremont $49K"
BILH,2023,"$83,871","$300,000",-,"$383,871","Dempsey $168K, Tremont $132K"
BILH,2024,"$69,000","$348,000",-,"$417,000","Dempsey $168K, Tremont $180K"
BILH,2025,"$70,000","$300,000",-,"$370,000","Dempsey $168K, Tremont $132K"
Point32Health,2022,"$188,986","$60,000","$306,064","$555,050",O'Neill and Partners $60K
Point32Health,2023,"$218,262","$60,000","$398,000","$676,262",O'Neill and Partners $60K
Point32Health,2024,"$236,774","$60,000","$360,000","$656,774",O'Neill and Partners $60K
Point32Health,2025,"$244,700","$60,000","$240,000","$544,700",O'Neill and Partners $60K
Fallon Health,2021,"$39,000",$0,"$78,000","$117,000",Christienne Bik anchor
Fallon Health,2022,"$42,000",$0,"$84,000","$126,000",Christienne Bik
Fallon Health,2023,"$45,000",$0,"$90,000","$135,000",Christienne Bik
Fallon Health,2024,"$39,237","$15,000","$90,000","$144,237",SCC $15K entered
Fallon Health,2025,"$45,000","$60,000","$230,000","$335,000",SCC ramped to $60K
1199 SEIU,2022,"$62,157","$132,000",-,"$194,157","Pezzella $90K, Sanchez $42K"
1199 SEIU,2023,"$56,000","$140,000",-,"$196,000","Pezzella $90K, Sanchez $50K"
1199 SEIU,2024,"$62,000","$150,000",-,"$212,000","Pezzella $90K, Sanchez $60K"
1199 SEIU,2025,"$74,500","$160,000",-,"$234,500","Pezzella $90K, Sanchez $70K"
Northeast Arc,2022,$0,$0,-,$0,Preti Strategies registered $0
Northeast Arc,2023,$0,$0,-,$0,Preti Strategies registered $0
Northeast Arc,2024,$0,"$42,500",-,"$42,500",Bulfinch Strategies entered
Northeast Arc,2025,$0,"$60,279",-,"$60,279",Bulfinch Strategies ramped
Riverside,2021,$0,"$16,000",-,"$16,000",The Karol Group (Jul-Oct only)
