Entity,Type,OCPF_Total,OCPF_Donations,PAC_Spend,Lobbying_4yr,T_MSIS_Billing,Leadership_Pct,Unique_Pattern
Riverside Community Care,Provider,"$34,650",242,-,$16K,~$78M/yr,35.4%,Revolving door CEO (DiGravio)
Beth Israel Lahey Health,Hospital,"$52,553",259,-,$1.92M,$1B+ system,31.0%,Registered lobbyists donating to targets
Point32Health,Insurer,"$63,341",303,-,$2.43M,Insurer,70.9%,Most surgical leadership targeting; $1.54M unitemized OpEx
Fallon Health,Insurer,$45K (exec only),~200,-,$857K,Insurer,22.4%,$423K unitemized OpEx; Fallon family real estate contamination $185K
Stavros Center,Provider,"$692,634",81425,-,$0,Moderate,0.0%,99% union payroll deductions ($8.43 avg) to 1199 SEIU PAC
1199 SEIU,Union,"$24,013",264,$14.09M,$906K,Union,3.6%,PAC funded by PCA worker payroll deductions; $8.33M unexplained transfers
Northeast Arc,Provider,"$6,847",119,-,$103K,$733M,25.6%,CEO-only donations + outsourced lobbying; quiet giant
MHA,Trade Assoc,"$41,525",220,-,TBD,Industry,27.5%,All top donors are govt affairs professionals
MHAPAC,PAC,-,-,"$379,888",-,PAC,-,Bipartisan drip to all leadership; $250-500/yr steady access
Mass General Brigham,Hospital,"$91,396",423,-,$3.25M,$5.6B/yr public,-,Philbin $60K; CEO Klibanski listed as lobbyist
Cambridge Health Alliance,Hospital,"$44,755",303,-,$1.62M,$750M/yr public,-,Safety-net claims poverty; CEO $1.5M + personally lobbies
Eliot Community Human Services,Provider,"$127,116",25092,-,TBD,$100M+,-,95% union PAC payroll deductions like Stavros
