Organization,CEO,Compensation,Revenue,Workers,Worker_Avg_Pay,EIN,Key_Role
Seven Hills Foundation,Kathleen Jordan,"$797,482",$450M,4800,$12.47/hr,04-3293659,Chairs ADDP board
Vinfen Corporation,Jean Yang,"$590,000",$250M,3000,$18/hr,04-2632219,Ex-Health Connector + Point32Health lobbyist
Tempus Unlimited,Larry Spencer,"$465,000",$1.99B,613,$21/hr,04-2239746,Fiscal intermediary for $6.4B
Advocates Inc,Various,"$420,000",$135M,2400,$16/hr,04-2837130,DDS/DMH provider
Bay Cove Human Services,Various,"$380,000",$145M,2100,$17/hr,04-2346505,BH/DDS provider
