Entity,Red_Flag,Detail
Point32Health,Unitemized Operating Expenses,"$1,540,064 (63.3% of lobbying) with ZERO itemization"
Point32Health,Leadership Targeting,70.9% of ALL donations to leadership - most concentrated pattern
Point32Health,Jean Yang Crossover,Vinfen CEO ($590K) simultaneously listed as Point32Health lobbyist
Fallon Health,Unitemized Operating Expenses,$423K (49% of lobbying) unexplained
BILH,Lobbyists Donating Personally,45 donations from registered lobbyists to politicians they lobby
1199 SEIU,Fraudulent Wire,"$100,000 to Healthcare For All listed as 'Fraudulent Wire'"
1199 SEIU,Unexplained Transfers,$8.33M (59%) in Wire Transfers/Unknown/BEB categories
1199 SEIU,Worker Extraction,"8,711+ PCA workers $8.43 avg payroll deduction to PAC"
Riverside,Revolving Door,CEO DiGravio: Senate leader Chief of Staff -> ABH -> Riverside
Riverside,Family Connection,"VP Monica Garlick donated $1,350 to Rep Denise Garlick"
Northeast Arc,Quiet Giant,"$733M T-MSIS billing but only $6,847 OCPF footprint"
Northeast Arc,Zero-Dollar Lobbyist,Preti Strategies registered 4 years reporting $0 paid
MHA,All Donors Are Lobbyists,Every top donor is VP/Dir of Government Affairs
MHAPAC,Industry Pass-Through,Hospital execs seed PAC -> distributes to ALL leadership bipartisan
Stavros,Union Payroll Extraction,99% of $692K is PCA workers' automatic payroll deductions
MGB,CEO as Lobbyist,Anne Klibanski listed as registered lobbyist
MGB,Philbin Pattern,$60K in coordinated donations; 111 donations of exactly $200
